<application>
  <component name="DefaultFont">
    <option name="FONT_SIZE" value="16" />
    <option name="LINE_SPACING" value="1.3" />
  </component>
  <component name="EditorSettings">
    <option name="SOFT_WRAP_FILE_MASKS" value="*.md; *.txt; *.rst; *.adoc" />
    <option name="IS_VIRTUAL_SPACE" value="true" />
    <option name="STRIP_TRAILING_SPACES" value="Whole" />
    <option name="IS_ENSURE_NEWLINE_AT_EOF" value="true" />
    <option name="ADDITIONAL_PAGE_AT_BOTTOM" value="true" />
  </component>
</application>