<application>
  <component name="FileTypeManager" version="17">
    <ignoreFiles list="*.hprof;*.pyc;*.pyo;*.rbc;*.yarb;*~;.DS_Store;.git;.hg;.svn;CVS;__pycache__;_svn;node_modules;vssver.scc;vssver2.scc;" />
    <extensionMap>
      <removed_mapping ext="css" approved="true" type="CSS" />
      <mapping pattern="About" type="PLAIN_TEXT" />
      <mapping pattern="country" type="PLAIN_TEXT" />
      <mapping ext="css" type="SCSS" />
      <removed_mapping ext="css" approved="true" type="CSS" />
    </extensionMap>
  </component>
</application>