<keymap version="1" name="Default copy" parent="$default">
  <action id="ChangesView.SetDefault" />
  <action id="CodeCompletion" />
  <action id="DuplicatesForm.SendToLeft" />
  <action id="FileChooser.GotoHome" />
  <action id="GotoBookmark1" />
  <action id="GotoLine" />
  <action id="Javascript.Linters.EsLint.Fix">
    <keyboard-shortcut first-keystroke="ctrl 1" />
  </action>
  <action id="ReformatCode" />
  <action id="ReformatWithPrettierAction">
    <keyboard-shortcut first-keystroke="shift ctrl alt p" />
    <keyboard-shortcut first-keystroke="ctrl g" />
  </action>
  <action id="ToggleBookmark" />
  <action id="ToggleFullScreen">
    <keyboard-shortcut first-keystroke="f11" />
  </action>
  <action id="Vcs.ReformatCommitMessage" />
</keymap>